"","Year","Neighbourhood_ID_Most_Thefts","Neighbourhood_ID_Least_Thefts","Theft_Number"
"1",2018,93,19,483.86349524348
"2",2019,139,46,447.211495836964
"3",2020,131,14,165.188853602624
"4",2021,133,24,239.060224266956
"5",2022,47,130,311.24935390288
